ID;Nome;Cognome;Orario_Entrata;Orario_Uscita
1;;Moretti;09:51;13:05
2;Giulia;Conti;13:13;14:28
3;Chiara;Russo;17:21;20:23
4;Valentina;Colombo;18:22;18:57
5;Giulia;Moretti;16:57;18:46
6;Simone;Conti;21:33;21:59
7;Sara;Colombo;17:18;20:46
8;Valentina;Piccoli;19:13;21:24
9;Sara;Russo;14:18;15:05
10;Alessandro;Verdi;17:49;21:10
11;Alessandro;Russo;18:17;20:43
12;Alice;Ricci;21:08;21:31
13;Matteo;Piccoli;14:44;18:29
14;Alessandro;Russo;14:57;16:29
15;Simone;Ricci;09:01;12:26
16;Valentina;Conti;14:04;14:12
17;Sara;Zappa;20:02;21:27
18;Matteo;Conti;21:05;21:19
19;Alice;Marino;21:11;21:48
20;Davide;Ferrari;19:04;21:05
21;Elena;Piccoli;09:16;12:01
22;Simone;Colombo;15:24;15:30
23;Simone;Gallo;09:13;12:50
24;Alice;Moretti;17:22;18:37
25;Riccardo;Russo;15:40;17:49
26;Beatrice;Gallo;21:57;21:58
27;Valentina;Rossi;17:19;18:18
28;Davide;Zappa;17:48;21:12
29;Simone;Romano;15:47;18:12
30;Matteo;Bianchi;21:45;21:48
31;Matteo;Colombo;18:31;19:53
32;Beatrice;Colombo;19:04;20:12
33;Valentina;Gallo;11:46;14:25
34;Davide;Colombo;15:24;19:22
35;Elena;Colombo;13:38;16:19
36;Valentina;Bianchi;10:59;13:41
37;Valentina;Conti;16:19;19:28
38;Chiara;Ferrari;11:19;12:52
39;Marco;Colombo;10:17;13:23
40;Chiara;Verdi;11:01;12:17
41;Cristiano;Piccoli;14:39;17:46
42;Cristiano;Romano;20:12;20:19
43;Simone;Gallo;17:10;18:53
44;Giulia;Piccoli;19:38;21:28
45;Beatrice;Zappa;17:26;21:15
46;Giulia;Romano;12:17;14:46
47;Alice;Ferrari;20:19;21:04
48;Sara;Bianchi;15:36;18:30
49;Alessandro;Bianchi;19:42;21:36
50;Riccardo;Piccoli;11:23;11:43
51;Cristiano;Moretti;16:40;20:26
52;Matteo;Piccoli;20:12;20:32
53;Simone;Piccoli;12:49;16:30
54;Beatrice;Colombo;16:58;17:14
55;Matteo;Russo;20:41;21:22
56;Cristiano;Conti;20:41;21:17
57;Simone;Ricci;11:55;15:23
58;Simone;Marino;20:26;21:11
59;Giulia;Moretti;13:39;16:09
60;Valentina;Zappa;16:32;16:44
61;Sara;Conti;11:52;13:05
62;Elena;Ricci;16:05;16:45
63;Davide;Piccoli;09:16;10:28
64;Davide;Ferrari;09:50;13:50
65;Marco;Marino;19:54;21:30
66;Simone;Rossi;14:08;16:09
67;Simone;Gallo;14:17;18:07
68;Cristiano;Zappa;16:46;17:53
69;Beatrice;Ricci;20:33;21:37
70;Alice;Gallo;16:22;20:15
71;Chiara;Rossi;09:15;11:34
72;Elena;Conti;17:30;21:21
73;Giulia;Piccoli;16:22;19:58
74;Cristiano;Marino;17:57;21:00
75;Alessandro;Marino;13:38;15:39
76;Matteo;Zappa;18:01;18:34
77;Matteo;Rossi;13:37;14:12
78;Simone;Rossi;16:06;19:00
79;Simone;Ricci;16:06;19:23
80;Beatrice;Zappa;17:46;18:20
81;Valentina;Romano;10:49;12:58
82;Davide;Ferrari;19:49;20:56
83;Sara;Ricci;09:51;12:59
84;Sara;Verdi;20:37;20:41
85;Chiara;Moretti;14:32;14:56
86;Valentina;Ferrari;12:50;16:45
87;Sara;Piccoli;18:40;21:47
88;Elena;Ricci;18:02;19:54
89;Matteo;Verdi;21:04;21:12
90;Simone;Piccoli;17:02;17:05
91;Sara;Gallo;09:23;09:49
92;Beatrice;Ferrari;14:36;15:18
93;Alessandro;Verdi;15:32;15:41
94;Valentina;Bianchi;17:10;20:48
95;Giulia;Ricci;18:50;21:06
96;Davide;Ferrari;19:46;21:14
97;Chiara;Rossi;13:56;16:47
98;Simone;Ricci;12:35;14:55
99;Alice;Ferrari;21:12;21:31
100;Alessandro;Conti;12:52;14:11
101;Alessandro;Ferrari;13:23;15:36
102;Matteo;Moretti;17:08;17:54
103;Simone;Zappa;15:07;17:11
104;Giulia;Zappa;15:03;17:26
105;Elena;Conti;19:29;20:58
106;Riccardo;Zappa;12:16;15:14
107;Valentina;Zappa;19:42;20:28
108;Marco;Ricci;17:49;20:30
109;Riccardo;Bianchi;19:24;21:20
110;Alice;Colombo;09:36;12:30
111;Riccardo;Bianchi;10:02;11:12
112;Alice;Rossi;17:57;20:33
113;Simone;Ferrari;09:29;11:46
114;Chiara;Gallo;17:20;19:32
115;Marco;Romano;16:52;20:16
116;Alice;Verdi;14:10;16:14
117;Cristiano;Moretti;12:30;13:20
118;Chiara;Ricci;12:34;12:48
119;Marco;Gallo;17:04;17:46
120;Giulia;Bianchi;10:55;13:25
121;Cristiano;Colombo;14:10;14:20
122;Riccardo;Rossi;13:52;17:37
123;Alice;Zappa;15:07;18:15
124;Simone;Marino;14:39;15:34
125;Giulia;Bianchi;18:10;20:56
126;Riccardo;Russo;17:05;20:55
127;Simone;Marino;11:36;12:20
128;Matteo;Bianchi;13:14;14:10
129;Sara;Gallo;13:46;15:01
130;Matteo;Bianchi;10:51;10:59
131;Marco;Ferrari;10:25;12:26
132;Matteo;Ferrari;12:02;15:47
133;Alessandro;Marino;14:12;15:41
134;Alessandro;Ferrari;09:33;11:19
135;Sara;Rossi;09:42;10:56
136;Beatrice;Marino;14:07;15:30
137;Giulia;Zappa;19:35;20:51
138;Elena;Ricci;20:47;21:57
139;Riccardo;Ricci;11:20;13:37
140;Sara;Gallo;09:45;13:14
141;Matteo;Piccoli;17:30;18:45
142;Elena;Verdi;21:12;21:45
143;Alice;Russo;18:15;20:57
144;Elena;Rossi;11:02;14:00
145;Chiara;Ferrari;19:33;20:54
146;Chiara;Bianchi;19:57;21:13
147;Alice;Verdi;13:32;13:52
148;Valentina;Russo;15:16;15:22
149;Marco;Piccoli;11:40;14:50
150;Sara;Romano;18:50;19:28
151;Beatrice;Piccoli;16:00;19:39
152;Chiara;Ferrari;14:37;17:37
153;Marco;Bianchi;11:47;12:12
154;Alessandro;Verdi;10:19;12:31
155;Alice;Marino;20:50;21:19
156;Beatrice;Zappa;14:36;18:17
157;Marco;Piccoli;09:06;09:07
158;Riccardo;Gallo;19:52;20:54
159;Beatrice;Verdi;16:58;19:36
160;Elena;Colombo;12:38;13:24
161;Alessandro;Marino;13:43;14:58
162;Simone;Gallo;21:19;21:44
163;Davide;Conti;11:18;14:19
164;Simone;Verdi;18:07;18:41
165;Simone;Gallo;15:47;18:06
166;Giulia;Romano;09:17;12:17
167;Giulia;Conti;17:24;17:42
168;Alice;Marino;12:24;14:09
169;Sara;Piccoli;18:08;21:11
170;Valentina;Marino;17:40;20:49
171;Valentina;Verdi;13:54;14:22
172;Cristiano;Conti;20:16;20:57
173;Beatrice;Ferrari;19:37;20:20
174;Sara;Ferrari;17:27;21:11
175;Beatrice;Zappa;16:14;16:39
176;Valentina;Colombo;17:21;19:17
177;Riccardo;Romano;18:18;19:48
178;Alice;Ricci;20:04;21:56
179;Valentina;Moretti;09:47;10:02
180;Matteo;Colombo;10:38;12:47
181;Marco;Rossi;15:11;17:35
182;Marco;Russo;15:24;15:46
183;Marco;Romano;20:40;21:17
184;Giulia;Colombo;12:30;13:23
185;Riccardo;Gallo;20:28;20:34
186;Elena;Conti;09:48;12:11
187;Riccardo;Verdi;18:35;20:17
188;Valentina;Verdi;16:18;19:43
189;Davide;Zappa;16:30;19:01
190;Simone;Romano;18:42;19:29
191;Valentina;Conti;15:38;18:07
192;Giulia;Colombo;10:05;11:51
193;Valentina;Rossi;19:42;20:43
194;Alice;Conti;18:56;19:47
195;Chiara;Russo;11:32;12:23
196;Marco;Russo;19:05;19:25
197;Valentina;Zappa;12:48;16:25
198;Elena;Gallo;19:36;21:24
199;Beatrice;Conti;17:30;20:30
200;Riccardo;Gallo;12:37;13:05
201;Cristiano;Gallo;10:34;11:44
202;Alessandro;Moretti;15:15;16:04
203;Giulia;Russo;21:25;21:51
204;Valentina;Gallo;12:08;13:45
205;Cristiano;Colombo;14:51;17:34
206;Sara;Conti;15:17;17:07
207;Elena;Verdi;16:20;16:54
208;Beatrice;Zappa;16:48;20:15
209;Chiara;Marino;20:18;21:36
210;Alice;Zappa;16:16;17:51
211;Elena;Zappa;19:35;20:23
212;Elena;Piccoli;20:29;21:12
213;Chiara;Colombo;14:05;14:29
214;Marco;Bianchi;14:38;16:28
215;Alessandro;Piccoli;10:38;11:51
216;Matteo;Marino;21:47;21:51
217;Alessandro;Ferrari;16:29;18:30
218;Elena;Ricci;10:12;12:30
219;Alice;Ferrari;18:47;20:07
220;Matteo;Colombo;09:22;12:07
221;Chiara;Conti;12:52;15:52
222;Chiara;Ricci;18:55;18:58
223;Matteo;Ricci;17:34;19:09
224;Chiara;Verdi;09:19;11:24
225;Alice;Romano;21:39;21:48
226;Alice;Bianchi;14:25;17:31
227;Elena;Gallo;09:14;09:28
228;Alessandro;Marino;17:52;19:50
229;Elena;Bianchi;13:46;15:54
230;Alessandro;Marino;14:57;18:13
231;Alessandro;Romano;11:10;13:17
232;Elena;Russo;17:53;20:27
233;Simone;Marino;11:27;13:07
234;Giulia;Gallo;14:30;14:32
235;Marco;Rossi;09:37;13:34
236;Alessandro;Moretti;17:58;21:32
237;Riccardo;Marino;13:37;17:07
238;Valentina;Bianchi;19:02;21:53
239;Riccardo;Marino;12:34;15:43
240;Simone;Conti;21:38;21:39
241;Cristiano;Colombo;13:16;15:07
242;Matteo;Gallo;18:52;21:12
243;Beatrice;Colombo;15:50;17:28
244;Simone;Bianchi;17:42;20:42
245;Giulia;Piccoli;21:47;21:59
246;Marco;Verdi;11:08;12:29
247;Sara;Gallo;21:14;21:34
248;Matteo;Rossi;11:39;12:27
249;Chiara;Gallo;10:57;12:50
250;Alice;Marino;15:52;16:17
251;Giulia;Colombo;09:13;10:42
252;Elena;Bianchi;17:28;20:50
253;Alessandro;Marino;15:15;18:18
254;Sara;Bianchi;18:53;18:55
255;Elena;Zappa;09:20;13:11
256;Davide;Rossi;12:21;15:26
257;Beatrice;Ricci;11:51;13:38
258;Alessandro;Zappa;10:53;11:31
259;Simone;Conti;20:22;21:04
260;Chiara;Gallo;10:27;11:27
261;Cristiano;Rossi;11:44;15:38
262;Matteo;Marino;19:17;21:53
263;Matteo;Bianchi;14:21;14:28
264;Elena;Conti;20:26;21:16
265;Chiara;Zappa;17:18;17:39
266;Davide;Gallo;12:54;13:28
267;Giulia;Gallo;11:58;15:58
268;Valentina;Bianchi;11:45;12:32
269;Giulia;Romano;10:34;11:57
270;Beatrice;Bianchi;16:58;18:37
271;Alessandro;Verdi;19:10;20:38
272;Alice;Moretti;20:53;21:03
273;Riccardo;Ferrari;13:52;16:02
274;Valentina;Verdi;18:07;20:40
275;Simone;Zappa;15:35;18:19
276;Alessandro;Ricci;17:33;17:43
277;Alessandro;Ricci;16:28;20:01
278;Valentina;Zappa;19:44;20:27
279;Matteo;Ferrari;18:16;20:25
280;Sara;Zappa;16:47;19:07
281;Cristiano;Ferrari;10:41;14:33
282;Davide;Bianchi;19:08;21:50
283;Giulia;Marino;17:10;17:54
284;Giulia;Moretti;20:47;21:21
285;Davide;Ricci;14:05;16:27
286;Davide;Conti;12:23;14:33
287;Valentina;Ferrari;11:38;15:24
288;Simone;Conti;20:58;20:59
289;Alice;Moretti;18:06;20:58
290;Riccardo;Verdi;13:43;13:52
291;Giulia;Russo;15:48;19:29
292;Valentina;Russo;17:49;19:34
293;Alice;Ricci;19:23;21:04
294;Marco;Colombo;19:23;20:30
295;Chiara;Russo;15:01;18:08
296;Giulia;Marino;09:34;12:27
297;Alessandro;Conti;15:06;16:43
298;Alessandro;Romano;20:57;21:39
299;Riccardo;Bianchi;14:51;15:47
300;Beatrice;Marino;20:00;20:37
301;Marco;Russo;16:10;20:10
302;Simone;Ferrari;11:03;14:32
303;Giulia;Piccoli;13:51;17:41
304;Giulia;Marino;15:10;16:54
305;Matteo;Ricci;10:19;11:14
306;Simone;Ricci;10:54;14:04
307;Cristiano;Marino;20:49;21:13
308;Alice;Ricci;16:49;17:13
309;Cristiano;Zappa;18:06;21:34
310;Simone;Ricci;13:50;17:36
311;Sara;Zappa;20:24;21:23
312;Alice;Gallo;16:28;19:52
313;Sara;Marino;18:53;20:25
314;Valentina;Verdi;09:38;12:02
315;Elena;Moretti;19:12;20:14
316;Cristiano;Ferrari;18:42;20:57
317;Giulia;Ferrari;19:09;19:44
318;Alessandro;Conti;18:15;20:41
319;Davide;Piccoli;16:48;20:42
320;Chiara;Verdi;09:09;11:01
321;Simone;Ricci;11:51;15:51
322;Chiara;Piccoli;16:20;19:10
323;Giulia;Bianchi;16:41;18:21
324;Elena;Zappa;10:15;13:50
325;Davide;Ferrari;12:21;15:28
326;Alessandro;Russo;14:00;17:42
327;Giulia;Romano;14:18;15:47
328;Davide;Rossi;21:40;21:44
329;Matteo;Verdi;20:18;21:14
330;Riccardo;Bianchi;17:31;17:46
331;Davide;Marino;12:58;16:04
332;Chiara;Rossi;13:44;17:07
333;Cristiano;Colombo;19:39;21:47
334;Matteo;Marino;13:45;17:41
335;Elena;Verdi;18:33;21:53
336;Elena;Zappa;09:41;13:04
337;Simone;Russo;13:58;16:36
338;Riccardo;Romano;10:26;12:49
339;Chiara;Romano;14:45;15:03
340;Riccardo;Ricci;16:44;19:41
341;Valentina;Romano;11:05;14:09
342;Simone;Ricci;18:36;21:59
343;Simone;Zappa;16:36;17:21
344;Elena;Moretti;10:45;11:38
345;Alice;Russo;20:26;21:15
346;Elena;Romano;19:03;19:24
347;Elena;Ferrari;15:06;18:56
348;Valentina;Conti;17:21;17:56
349;Alessandro;Piccoli;10:27;12:55
350;Chiara;Piccoli;14:15;17:54
351;Elena;Bianchi;13:43;15:15
352;Beatrice;Piccoli;19:56;20:22
353;Alice;Ferrari;12:37;14:16
354;Alice;Ricci;18:28;19:12
355;Alessandro;Conti;09:34;12:46
356;Matteo;Colombo;10:23;11:06
357;Matteo;Colombo;21:21;21:22
358;Alice;Ferrari;10:00;11:38
359;Matteo;Conti;21:19;21:57
360;Davide;Conti;19:32;21:47
361;Giulia;Moretti;15:55;18:37
362;Valentina;Conti;19:21;20:53
363;Riccardo;Ricci;19:18;19:36
364;Davide;Moretti;12:54;13:06
365;Valentina;Marino;14:39;17:36
366;Riccardo;Zappa;20:45;21:39
367;Alice;Russo;21:24;21:37
368;Davide;Zappa;19:59;21:33
369;Simone;Bianchi;16:45;17:22
370;Riccardo;Zappa;12:56;15:41
371;Beatrice;Romano;14:47;15:26
372;Sara;Romano;17:53;19:33
373;Cristiano;Marino;15:12;17:16
374;Marco;Moretti;16:00;17:20
375;Giulia;Rossi;11:27;13:17
376;Chiara;Romano;18:33;20:15
377;Matteo;Ferrari;10:53;14:30
378;Alessandro;Verdi;10:23;10:49
379;Sara;Ricci;19:40;20:59
380;Marco;Moretti;09:21;09:49
381;Beatrice;Marino;12:31;13:29
382;Marco;Conti;18:22;20:48
383;Beatrice;Ferrari;15:33;19:29
384;Valentina;Marino;12:03;14:20
385;Alessandro;Gallo;21:42;21:50
386;Matteo;Ferrari;16:21;16:47
387;Chiara;Zappa;17:27;20:57
388;Beatrice;Colombo;16:55;18:14
389;Elena;Conti;18:19;19:34
390;Alessandro;Ricci;21:24;21:52
391;Sara;Romano;13:55;15:06
392;Giulia;Piccoli;11:30;12:02
393;Sara;Russo;18:20;20:01
394;Matteo;Romano;09:43;13:03
395;Elena;Romano;18:13;21:20
396;Alice;Marino;21:09;21:59
397;Valentina;Piccoli;10:36;12:47
398;Chiara;Ferrari;16:54;18:03
399;Elena;Ferrari;13:56;14:25
400;Chiara;Marino;12:14;13:57
1;Sara;Moretti;17:48;17:56
2;Simone;Ricci;15:48;19:42
3;Beatrice;Romano;15:07;18:42
4;Elena;Piccoli;11:26;15:20
5;Matteo;Moretti;10:56;13:05
6;Matteo;Zappa;13:50;17:00
7;Marco;Gallo;18:51;19:00
8;Davide;Gallo;15:12;17:41
9;Beatrice;Gallo;09:59;11:12
10;Marco;Moretti;14:35;18:11
11;Valentina;Bianchi;12:28;13:35
12;Marco;Verdi;09:29;12:48
13;Sara;Piccoli;15:51;16:27
14;Beatrice;Rossi;13:39;17:26
15;Alice;Ferrari;11:37;15:25
16;Cristiano;Marino;20:20;21:51
17;Chiara;Verdi;09:46;09:49
18;Sara;Bianchi;21:38;21:49
19;Chiara;Ferrari;10:15;11:02
20;Alessandro;Bianchi;19:05;19:12
21;Marco;Ferrari;15:01;15:18
22;Matteo;Ferrari;16:54;17:30
23;Simone;Ricci;16:26;19:59
24;Beatrice;Rossi;18:27;20:15
25;Alessandro;Verdi;10:32;12:04
26;Alessandro;Russo;17:36;18:19
27;Elena;Conti;15:09;15:30
28;Giulia;Colombo;13:08;13:15
29;Elena;Moretti;20:26;20:56
30;Elena;Gallo;19:04;21:27
31;Riccardo;Conti;16:56;19:26
32;Marco;Gallo;17:26;19:53
33;Simone;Russo;16:42;17:16
34;Davide;Conti;18:41;20:26
35;Davide;Rossi;12:07;14:57
36;Cristiano;Colombo;13:00;13:10
37;Riccardo;Rossi;12:12;12:28
38;Matteo;Colombo;18:22;19:35
39;Valentina;Russo;10:33;10:52
40;Cristiano;Rossi;19:59;20:30
41;Chiara;Marino;19:05;21:18
42;Simone;Marino;18:37;20:23
43;Marco;Rossi;12:29;15:53
44;Matteo;Gallo;14:21;14:32
45;Alessandro;Rossi;21:48;21:54
46;Marco;Russo;11:20;14:07
47;Elena;Conti;11:03;12:13
48;Riccardo;Piccoli;16:03;18:32
49;Cristiano;Piccoli;10:11;12:43
50;Alice;Ricci;17:09;18:32
51;Valentina;Marino;15:52;17:01
52;Sara;Russo;15:20;15:30
53;Sara;Ricci;11:16;11:33
54;Riccardo;Conti;09:18;11:18
55;Davide;Moretti;11:01;11:56
56;Sara;Piccoli;17:47;20:56
57;Chiara;Rossi;20:37;21:53
58;Alessandro;Russo;10:50;10:52
59;Matteo;Bianchi;20:31;21:57
60;Davide;Russo;12:22;15:33
61;Sara;Conti;14:10;15:15
62;Marco;Romano;09:35;12:16
63;Simone;Gallo;21:21;21:46
64;Marco;Gallo;19:23;20:30
65;Chiara;Piccoli;19:57;20:40
66;Marco;Romano;12:36;14:32
67;Davide;Bianchi;15:09;16:26
68;Riccardo;Colombo;13:56;14:39
69;Sara;Romano;15:50;18:53
70;Valentina;Verdi;16:40;19:24
71;Simone;Conti;09:55;13:07
72;Giulia;Moretti;19:33;20:07
73;Beatrice;Conti;21:21;21:53
74;Giulia;Colombo;15:16;16:55
75;Cristiano;Conti;15:40;18:04
76;Matteo;Russo;17:16;18:37
77;Sara;Verdi;15:03;16:33
78;Alice;Colombo;13:01;14:45
79;Simone;Marino;10:38;13:28
80;Davide;Piccoli;15:33;16:32
81;Davide;Rossi;18:36;18:48
82;Riccardo;Rossi;14:24;15:51
83;Simone;Zappa;15:08;16:39
84;Elena;Gallo;20:23;21:31
85;Alessandro;Moretti;18:34;21:48
86;Alessandro;Zappa;17:54;21:06
87;Matteo;Verdi;12:42;13:12
88;Marco;Zappa;16:33;20:33
89;Alessandro;Verdi;11:03;14:30
90;Beatrice;Ferrari;16:31;20:00
91;Sara;Ferrari;13:47;17:38
92;Davide;Colombo;17:38;18:57
93;Riccardo;Russo;21:32;21:53
94;Elena;Moretti;09:54;11:30
95;Simone;Zappa;13:54;14:24
96;Chiara;Zappa;10:11;12:54
97;Simone;Conti;15:41;17:23
98;Valentina;Moretti;10:46;14:11
99;Alice;Gallo;14:54;16:09
100;Matteo;Gallo;13:50;16:45
101;Alice;Ferrari;16:25;19:08
102;Riccardo;Moretti;14:22;16:36
103;Davide;Colombo;19:32;21:32
104;Chiara;Conti;10:50;11:24
105;Chiara;Russo;12:55;14:50
106;Riccardo;Ferrari;19:49;20:46
107;Elena;Moretti;16:42;19:08
108;Elena;Rossi;10:24;12:02
109;Sara;Zappa;19:40;20:41
110;Simone;Romano;21:50;21:57
111;Simone;Piccoli;09:59;11:31
112;Matteo;Colombo;17:12;17:37
113;Marco;Ricci;19:00;19:27
114;Riccardo;Ricci;12:21;14:26
115;Alice;Zappa;14:58;15:08
116;Riccardo;Ferrari;17:13;20:47
117;Giulia;Bianchi;18:35;21:00
118;Valentina;Bianchi;19:25;21:13
119;Davide;Verdi;11:19;14:42
120;Elena;Romano;13:19;17:12
121;Beatrice;Ricci;17:47;20:02
122;Chiara;Ferrari;20:17;20:31
123;Giulia;Gallo;14:41;18:04
124;Valentina;Russo;20:04;21:32
125;Matteo;Ferrari;20:14;20:56
126;Davide;Rossi;15:36;16:36
127;Beatrice;Ferrari;10:23;12:23
128;Valentina;Marino;13:32;17:25
129;Simone;Ferrari;11:40;13:35
130;Sara;Verdi;12:00;12:28
131;Davide;Marino;16:48;20:09
132;Alice;Romano;20:57;21:10
133;Marco;Moretti;09:43;10:24
134;Davide;Zappa;09:59;11:24
135;Riccardo;Conti;09:14;11:52
136;Davide;Conti;19:24;19:52
137;Beatrice;Marino;09:19;09:23
138;Elena;Moretti;11:26;15:03
139;Matteo;Marino;13:16;16:31
140;Alessandro;Piccoli;12:57;13:04
141;Matteo;Colombo;20:08;20:34
142;Beatrice;Gallo;21:58;21:59
143;Chiara;Moretti;17:53;19:33
144;Sara;Marino;21:53;21:58
145;Riccardo;Conti;14:48;16:32
146;Davide;Piccoli;18:25;20:13
147;Sara;Moretti;21:53;21:57
148;Elena;Rossi;18:21;21:23
149;Alice;Colombo;14:28;15:10
150;Marco;Russo;19:35;20:44
151;Riccardo;Russo;11:55;13:26
152;Elena;Piccoli;15:12;15:49
153;Alessandro;Piccoli;11:39;14:55
154;Cristiano;Verdi;11:21;14:01
155;Valentina;Colombo;21:02;21:04
156;Alice;Gallo;18:38;19:08
157;Alessandro;Gallo;10:37;12:06
158;Davide;Moretti;15:18;16:10
159;Chiara;Moretti;17:31;19:30
160;Chiara;Colombo;16:14;17:38
161;Beatrice;Marino;12:55;16:21
162;Elena;Zappa;11:32;12:18
163;Sara;Marino;20:45;21:42
164;Matteo;Gallo;14:54;16:14
165;Alessandro;Ferrari;17:18;17:19
166;Davide;Romano;16:58;18:46
167;Riccardo;Colombo;16:24;16:27
168;Giulia;Marino;18:05;20:29
169;Riccardo;Piccoli;15:27;18:34
170;Valentina;Marino;20:55;20:57
171;Davide;Conti;14:50;17:59
172;Alice;Ferrari;18:53;21:12
173;Valentina;Ricci;16:14;19:19
174;Marco;Marino;19:30;21:01
175;Chiara;Romano;10:47;13:49
176;Giulia;Russo;12:31;14:02
177;Simone;Romano;16:40;20:01
178;Davide;Conti;20:00;21:29
179;Elena;Zappa;14:39;16:13
180;Marco;Colombo;16:56;19:03
181;Valentina;Romano;12:15;14:30
182;Cristiano;Moretti;19:12;21:06
183;Davide;Zappa;13:01;14:03
184;Beatrice;Conti;20:29;21:11
185;Sara;Colombo;12:26;15:08
186;Elena;Bianchi;10:05;10:09
187;Marco;Verdi;10:54;13:58
188;Davide;Colombo;15:05;16:54
189;Cristiano;Marino;12:19;13:32
190;Davide;Piccoli;18:17;19:20
191;Davide;Colombo;16:07;17:24
192;Marco;Verdi;17:59;18:01
193;Valentina;Colombo;21:38;21:51
194;Giulia;Ricci;19:34;19:53
195;Alessandro;Zappa;16:55;17:49
196;Matteo;Romano;12:34;16:10
197;Elena;Rossi;13:31;15:30
198;Marco;Conti;14:59;15:44
199;Giulia;Rossi;18:06;19:40
200;Alice;Gallo;19:16;20:43
201;Marco;Zappa;15:24;18:09
202;Alice;Bianchi;20:37;20:57
203;Cristiano;Marino;11:59;14:50
204;Beatrice;Russo;09:01;10:14
205;Marco;Ricci;15:30;19:14
206;Sara;Moretti;13:27;16:53
207;Elena;Russo;14:07;14:58
208;Matteo;Conti;11:58;15:47
209;Marco;Rossi;20:03;21:54
210;Riccardo;Russo;19:10;19:11
211;Beatrice;Colombo;14:20;17:27
212;Matteo;Moretti;13:11;13:37
213;Marco;Rossi;21:13;21:24
214;Matteo;Colombo;09:51;13:24
215;Davide;Rossi;11:55;15:48
216;Beatrice;Romano;09:22;12:38
217;Sara;Moretti;18:19;20:27
218;Giulia;Verdi;20:07;20:19
219;Cristiano;Conti;12:25;13:17
220;Elena;Colombo;10:08;13:34
221;Beatrice;Ricci;20:19;21:34
222;Chiara;Ferrari;09:02;10:52
223;Riccardo;Verdi;19:19;19:20
224;Elena;Moretti;19:10;21:28
225;Alessandro;Ferrari;20:42;21:41
226;Giulia;Gallo;15:45;18:41
227;Beatrice;Colombo;20:14;21:43
228;Davide;Ferrari;19:10;20:04
229;Chiara;Colombo;18:17;20:02
230;Beatrice;Piccoli;17:41;19:20
231;Alice;Gallo;09:06;09:52
232;Davide;Ricci;17:10;19:06
233;Cristiano;Zappa;09:17;12:40
234;Alessandro;Marino;16:37;19:10
235;Davide;Piccoli;10:47;11:31
236;Beatrice;Gallo;20:54;21:45
237;Marco;Verdi;12:36;15:35
238;Riccardo;Marino;13:06;13:37
239;Valentina;Verdi;11:56;15:16
240;Matteo;Zappa;14:18;16:35
241;Valentina;Ricci;18:02;19:56
242;Beatrice;Marino;12:08;12:25
243;Alessandro;Ferrari;17:29;19:23
244;Valentina;Russo;16:14;19:59
245;Giulia;Conti;10:03;12:46
246;Riccardo;Conti;16:02;16:18
247;Simone;Colombo;11:09;11:43
248;Chiara;Russo;21:30;21:56
249;Marco;Conti;16:14;19:08
250;Matteo;Ferrari;16:09;17:20
251;Giulia;Russo;18:37;21:02
252;Giulia;Gallo;19:21;19:24
253;Alice;Bianchi;12:31;12:39
254;Beatrice;Verdi;21:51;21:53
255;Chiara;Colombo;15:05;17:05
256;Alessandro;Ferrari;10:23;13:14
257;Davide;Marino;12:07;15:42
258;Riccardo;Colombo;14:57;17:46
259;Elena;Colombo;19:17;21:17
260;Valentina;Ricci;20:31;21:27
261;Beatrice;Romano;09:59;10:50
262;Elena;Russo;16:41;17:14
263;Valentina;Marino;17:55;18:05
264;Riccardo;Ferrari;10:37;11:22
265;Riccardo;Romano;13:06;15:45
266;Chiara;Bianchi;11:54;14:01
267;Chiara;Conti;12:48;16:28
268;Cristiano;Conti;13:33;15:51
269;Alice;Ferrari;12:09;12:40
270;Riccardo;Verdi;15:30;17:10
271;Chiara;Gallo;11:38;13:56
272;Simone;Moretti;20:09;20:36
273;Sara;Verdi;12:49;15:31
274;Matteo;Conti;18:57;21:33
275;Chiara;Moretti;21:57;21:58
276;Sara;Moretti;21:50;21:55
277;Elena;Rossi;11:09;13:11
278;Alessandro;Verdi;10:12;11:20
279;Elena;Marino;15:52;17:23
280;Giulia;Russo;09:54;13:12
281;Davide;Russo;11:29;12:26
282;Matteo;Marino;12:50;16:47
283;Elena;Marino;16:53;19:02
284;Valentina;Conti;14:14;17:14
285;Marco;Conti;09:25;10:54
286;Valentina;Ricci;19:40;21:12
287;Alessandro;Moretti;21:51;21:54
288;Alessandro;Bianchi;14:40;18:03
289;Elena;Zappa;15:29;17:27
290;Elena;Ferrari;14:37;16:45
291;Simone;Verdi;18:10;19:02
292;Simone;Zappa;13:06;16:55
293;Riccardo;Rossi;10:04;11:52
294;Chiara;Piccoli;16:13;18:11
295;Beatrice;Conti;12:28;15:13
296;Chiara;Zappa;15:16;18:58
297;Chiara;Romano;16:42;19:54
298;Beatrice;Moretti;13:28;14:08
299;Riccardo;Conti;09:02;11:29
300;Matteo;Colombo;18:27;20:09
301;Sara;Ferrari;20:12;20:52
302;Davide;Romano;20:07;21:46
303;Valentina;Gallo;11:09;12:47
304;Chiara;Zappa;14:04;16:46
305;Valentina;Bianchi;20:38;21:36
306;Valentina;Bianchi;09:28;13:06
307;Beatrice;Russo;09:05;12:40
308;Giulia;Zappa;21:02;21:30
309;Elena;Gallo;17:15;19:51
310;Matteo;Colombo;19:41;20:14
311;Marco;Ricci;09:27;12:53
312;Sara;Gallo;11:24;13:42
313;Davide;Colombo;20:01;21:47
314;Giulia;Ricci;10:36;13:59
315;Matteo;Romano;11:29;11:34
316;Sara;Russo;21:38;21:45
317;Marco;Conti;12:42;13:11
318;Matteo;Romano;09:12;10:52
319;Davide;Marino;16:33;16:42
320;Davide;Rossi;21:31;21:55
321;Chiara;Rossi;19:05;21:29
322;Giulia;Verdi;13:03;14:30
323;Marco;Romano;18:57;21:23
324;Davide;Colombo;21:07;21:40
325;Marco;Piccoli;21:18;21:56
326;Chiara;Conti;16:52;18:10
327;Alessandro;Rossi;21:24;21:26
328;Giulia;Colombo;16:40;17:18
329;Simone;Rossi;11:05;12:40
330;Matteo;Ricci;09:15;12:27
331;Alessandro;Moretti;11:06;13:32
332;Sara;Conti;11:23;12:01
333;Sara;Romano;20:54;21:29
334;Cristiano;Moretti;11:51;15:10
335;Alessandro;Ricci;09:47;10:54
336;Davide;Verdi;10:13;11:27
337;Marco;Colombo;20:06;21:50
338;Beatrice;Colombo;18:33;20:01
339;Beatrice;Romano;21:19;21:28
340;Cristiano;Moretti;14:09;17:54
341;Matteo;Conti;16:37;19:33
342;Valentina;Verdi;19:13;19:55
343;Simone;Ricci;17:07;19:00
344;Valentina;Moretti;19:25;19:42
345;Davide;Zappa;14:39;17:45
346;Davide;Verdi;09:44;11:02
347;Riccardo;Verdi;17:02;18:25
348;Valentina;Romano;16:56;18:05
349;Simone;Ricci;21:01;21:28
350;Matteo;Rossi;13:18;13:19
351;Riccardo;Moretti;10:38;11:52
352;Matteo;Zappa;19:44;21:49
353;Marco;Russo;19:47;20:27
354;Elena;Piccoli;10:36;10:44
355;Matteo;Gallo;16:08;18:26
356;Riccardo;Russo;19:27;21:46
357;Marco;Rossi;19:21;20:11
358;Valentina;Verdi;09:50;12:38
359;Valentina;Colombo;21:22;21:55
360;Chiara;Moretti;21:52;21:54
361;Simone;Romano;21:58;21:59
362;Beatrice;Colombo;13:29;16:59
363;Cristiano;Colombo;17:33;20:30
364;Simone;Rossi;12:34;15:16
365;Chiara;Ferrari;20:05;21:18
366;Sara;Ferrari;16:16;18:19
367;Giulia;Piccoli;11:41;13:11
368;Valentina;Piccoli;17:22;18:48
369;Davide;Ferrari;20:28;20:32
370;Chiara;Piccoli;09:32;11:36
371;Sara;Colombo;14:35;17:27
372;Valentina;Zappa;10:27;11:18
373;Marco;Conti;12:06;13:44
374;Chiara;Ferrari;16:56;20:53
375;Marco;Marino;12:59;14:42
376;Davide;Ricci;13:21;13:25
377;Elena;Marino;14:18;14:20
378;Matteo;Moretti;18:43;21:23
379;Davide;Ricci;19:11;19:50
380;Cristiano;Conti;21:08;21:48
381;Matteo;Gallo;12:12;15:28
382;Chiara;Verdi;21:43;21:57
383;Valentina;Gallo;09:53;10:12
384;Beatrice;Romano;09:22;12:00
385;Cristiano;Moretti;11:17;14:52
386;Valentina;Gallo;18:28;18:40
387;Marco;Piccoli;17:04;18:44
388;Chiara;Ferrari;19:42;21:47
389;Sara;Conti;12:27;13:04
390;Davide;Verdi;15:37;17:19
391;Simone;Rossi;20:26;21:21
392;Cristiano;Marino;16:21;18:37
393;Marco;Ricci;21:46;21:59
394;Valentina;Russo;21:28;21:40
395;Riccardo;Piccoli;10:27;14:08
396;Davide;Russo;09:37;11:13
397;Sara;Bianchi;17:58;18:55
398;Chiara;Bianchi;18:28;21:11
399;Chiara;Piccoli;09:49;12:58
400;Riccardo;Colombo;14:22;15:20
